id;login;password;name;created_date;created_by;last_modified_date;last_modified_by
1;Computer;Florida Data;object-oriented Marketing;2023-08-07T19:13:26;Dollar;2023-08-07T08:47:09;Bacon
2;invoice visionary Soft;Iceland Fresh indexing;override calculate;2023-08-07T12:24:16;Tuna;2023-08-07T14:00:44;digital Soft
3;approach disintermediate Avon;needs-based Forward invoice;fuchsia Center Music;2023-08-07T05:30:20;override data-warehouse Account;2023-08-07T19:21:53;Persistent
4;Checking Avon;dynamic;SDD;2023-08-07T11:24:44;Stand-alone Tools;2023-08-07T01:27:41;JSON scalable transmitting
5;Unbranded;bypass;Games Customer Persevering;2023-08-07T10:56:16;Overpass;2023-08-07T04:48:53;Liaison
6;dynamic Personal channels;Steel asynchronous Arizona;Colorado Assistant withdrawal;2023-08-07T13:40:08;Dynamic redundant;2023-08-07T07:59:03;infrastructures Computer
7;teal Buckinghamshire sticky;bleeding-edge SSL;Checking SCSI Berkshire;2023-08-07T09:02:05;Engineer Account Liaison;2023-08-07T02:27:04;Michigan orchestrate deliver
8;definition;repurpose;Communications;2023-08-07T05:39:50;grey Administrator;2023-08-07T22:13:04;success deposit deliver
9;mission-critical object-oriented;Operative Operations;cutting-edge Guarani;2023-08-07T03:58:51;Pizza Avon;2023-08-07T01:41:28;Human
10;Account Savings Market;Solutions virtual;Incredible monitoring;2023-08-07T14:21:40;proactive Andorra;2023-08-07T09:19:25;Mauritius Tools Bedfordshire
