id;login;password;first_name;last_name;status;dob;ic;email;phone;address;post_code;referral_code;profile_image_path;created_date;created_by;last_modified_date;last_modified_by
1;Tasty Sleek Handcrafted;Kip Auto CSS;Viola;Cummings;A;2023-05-20;Representative;Helene90@yahoo.com;568.646.8584;Pizza;03120-8205;tangible Organic;generation;2023-05-20T01:49:25;Spurs;2023-05-20T18:26:50;red neural Unbranded
2;sticky Tasty Wooden;lime;Jamil;Jones;A;2023-05-20;THX;Casper23@gmail.com;(422) 311-2810;multi-tasking Berkshire;78280-3431;Table PNG microchip;Associate Gorgeous;2023-05-20T08:43:41;Spain Sleek;2023-05-20T09:30:52;Exclusive
3;Unbranded;Georgia;Dillon;Christiansen;I;2023-05-20;PNG Plastic;Erick.Parker36@yahoo.com;273-495-2654 x203;digital panel Plastic;68302;Argentina azure;Bahamas;2023-05-20T20:26:07;salmon Keyboard transmitting;2023-05-20T21:48:22;Ergonomic Integrated
4;connecting Metal Knoll;pixel Leu back;Jermain;Feil;I;2023-05-20;Internal;Marlee_Hirthe22@yahoo.com;548-244-4124 x793;Pennsylvania innovative;44412-5467;Mount Orchestrator;data-warehouse;2023-05-20T19:26:19;Loan;2023-05-20T13:28:25;withdrawal reboot
5;Metal;Bike Account Pants;Teagan;Paucek;I;2023-05-20;Salad Mall synthesize;Duncan76@gmail.com;(663) 713-7109 x07781;mobile Handcrafted 5th;65496-6860;connecting applications;Home virtual connecting;2023-05-20T09:06:57;invoice;2023-05-20T19:07:33;lavender Tokelau
6;Card Sausages Jersey;Savings;Sadye;Frami;A;2023-05-20;Incredible;Jannie_OReilly48@gmail.com;(404) 208-7251;THX Savings;07323-1330;teal Shilling administration;Outdoors violet primary;2023-05-20T13:29:01;virtual Grove;2023-05-20T19:02:49;hack compress
7;invoice Cambridgeshire;Account Frozen National;Orlando;Gleason;I;2023-05-20;Practical intuitive Concrete;Ibrahim_Morar@gmail.com;618.583.1738;transmitting Orchestrator Bacon;84619;Tasty Books;Pennsylvania mobile;2023-05-20T21:41:34;navigate Junction;2023-05-20T17:03:17;PCI ADP
8;withdrawal;Granite;Seth;Altenwerth;I;2023-05-20;Market;Abe_Frami@hotmail.com;1-430-540-8195;revolutionize;43913-7870;applications Aruban Beauty;Buckinghamshire Car Berkshire;2023-05-20T07:22:45;Implementation fuchsia Shoes;2023-05-20T14:03:32;Cotton Account
9;Dollar;Haven Generic;Kellie;Johnson;I;2023-05-20;Investor Market Colorado;Bert.Marquardt30@yahoo.com;(276) 828-1864 x63866;Marketing;16227-1119;Buckinghamshire;Global quantify;2023-05-20T23:04:33;mobile Cotton;2023-05-20T23:55:33;Steel PNG Creative
10;Cambridgeshire;Representative synthesizing;Fredy;Murazik;A;2023-05-20;e-business;Makenzie.Feest34@gmail.com;(354) 699-6045 x5808;system;07183;HDD open-source Automated;Metal Mexican;2023-05-20T16:44:42;Chair;2023-05-20T16:20:38;Personal indigo Program
