id;name;status;ic;dob;address;phone;sector;company_name;service_length;annual_income;occupation;ic_path;payslip_path;epf_path;created_date;created_by;last_modified_date;last_modified_by;bank_user_id;credit_card_holder_id;credit_card_type_id
1;monitoring;P;harness 4th;2023-05-20;Handmade;748-516-5785 x28173;primary Louisiana Som;upward-trending;41455;64536;Granite Administrator Borders;Yuan Stand-alone solution-oriented;black solution;Licensed;2023-05-20T12:55:28;recontextualize;2023-05-20T03:30:57;Keyboard USB;72292;55292;23246
2;Tasty Personal next-generation;P;optical;2023-05-20;Specialist;233-201-2474;Mayotte;Strategist;3989;85348;bluetooth;deliverables;neural;Ohio;2023-05-20T21:26:14;Hong violet;2023-05-20T02:57:00;Avon;37334;19815;8855
3;indexing silver Oman;A;and;2023-05-20;Intelligent Denar;(554) 600-6578;Hampshire;neural CSS parse;22693;91998;Brazil primary;Directives bandwidth needs-based;JBOD Saint;Practical Account Madagascar;2023-05-20T11:59:37;Planner Hryvnia purple;2023-05-20T04:15:19;synthesize Human;68285;186;40181
4;visualize Personal Eritrea;P;alliance;2023-05-20;Frozen attitude;748-870-2163;Borders Customer Wooden;Corporate;77349;49405;transmitting Steel;Computers SDD synergy;Auto adapter;high-level;2023-05-20T10:58:07;Island;2023-05-20T17:01:10;Configuration Central;57849;46059;62698
5;parsing;P;Assurance Direct;2023-05-20;end-to-end Coordinator;306-497-7410;orchid Borders;Awesome Tools;86343;78824;Multi-layered Home Borders;payment;Silver Pants;EXE;2023-05-20T13:43:08;application Bike benchmark;2023-05-20T01:55:26;back-end deliver;44039;79676;46477
6;mobile FTP;P;invoice;2023-05-20;mesh real-time Fantastic;(841) 908-8936;Manager;Licensed;22924;57676;virtual mint;workforce Account;Supervisor monitor;Account;2023-05-20T21:42:41;online Director local;2023-05-20T06:50:19;back-end;10256;2315;42536
7;Delaware;A;Rapids;2023-05-20;Borders;927-384-6292;District;Fully-configurable Rubber;34805;92529;Puerto wireless brand;Associate Practical withdrawal;Cloned HTTP;Viaduct;2023-05-20T06:58:43;Specialist compressing content;2023-05-20T02:32:58;Kids program;4484;72571;16318
8;Buckinghamshire withdrawal;P;navigate;2023-05-20;Mission Soft index;1-410-845-0234;Card;Plastic Loan cultivate;44287;18305;Handcrafted;web-readiness blue Accounts;Iowa;streamline homogeneous Fresh;2023-05-20T02:08:40;Rubber Berkshire French;2023-05-20T23:32:15;Generic AGP Intelligent;7266;60190;69278
9;withdrawal Fish;P;Wooden Missouri;2023-05-20;connecting;343-959-0613 x66842;Refined microchip;Pants Avon;74151;93455;Station HDD content-based;Maine;e-commerce Connecticut;Car index transparent;2023-05-20T21:44:25;Representative Orchestrator hack;2023-05-20T16:14:21;Mauritania Ball Fish;22624;12152;68023
10;index Montserrat up;I;Soft;2023-05-20;Franc;768-546-6503;installation Synchronised IB;program Buckinghamshire;16059;91280;white;Dollar;Baby Fall Throughway;Thailand user-centric;2023-05-20T18:40:51;wireless Identity;2023-05-20T17:01:03;Investment Investor THX;24639;43257;5030
