id;name;address;created_date;created_by;last_modified_date;last_modified_by
1;ROI;e-business;2023-05-20T03:40:43;Soft;2023-05-20T20:12:39;bypass
2;eyeballs;Clothing;2023-05-20T14:00:22;Account SAS Pizza;2023-05-20T12:46:53;white
3;1080p;Ergonomic Checking magnetic;2023-05-20T22:15:45;Georgia;2023-05-20T09:14:28;Jordanian copy override
4;innovative Steel Fantastic;microchip;2023-05-20T08:34:04;Reactive well-modulated;2023-05-20T22:45:26;USB
5;Springs;Comoros Implementation;2023-05-20T09:51:06;Leu tolerance Handmade;2023-05-20T05:39:37;copying Investment
6;plum Secured Security;Coordinator SQL Shirt;2023-05-20T17:12:50;payment;2023-05-21T00:46:05;Tasty Tala Rubber
7;Senior;Granite;2023-05-20T01:36:31;value-added Direct;2023-05-20T02:23:14;sensor
8;payment Intelligent Brand;Table;2023-05-20T21:39:55;array Program Berkshire;2023-05-20T07:21:17;virtual blue optical
9;utilize Implementation;transmit;2023-05-20T22:49:12;Lari Granite Generic;2023-05-20T21:32:29;Soap 3rd Movies
10;Sahara;lime;2023-05-20T16:41:22;withdrawal Unbranded Electronics;2023-05-20T05:04:00;directional Chips
