id;balance;description;created_date;created_by;last_modified_date;last_modified_by
1;35865;Creative parse Functionality;2023-05-22T00:18:55;sensor Wyoming dot-com;2023-05-21T14:06:41;Tools Security granular
2;97386;Steel Ball Bedfordshire;2023-05-22T06:04:29;compress Virginia Refined;2023-05-21T14:14:10;Rubber Cotton Greens
3;76085;Borders;2023-05-22T03:25:35;payment;2023-05-21T12:27:56;Fantastic integrate Palau
4;23178;sticky Maldives navigating;2023-05-22T06:29:21;Bacon override;2023-05-22T05:56:20;Chair Sausages capacitor
5;18574;Granite data-warehouse Wooden;2023-05-22T05:54:06;Advanced;2023-05-21T21:46:45;azure navigating Function-based
6;23886;Cambridgeshire;2023-05-21T17:09:56;mobile partnerships Small;2023-05-22T06:46:43;Ranch Electronics
7;49998;Chips;2023-05-22T05:58:47;indexing;2023-05-22T00:27:49;system Gorgeous
8;14852;Yen;2023-05-21T13:59:49;payment transition Berkshire;2023-05-22T08:00:34;View Intelligent Islands
9;21314;mindshare Beauty;2023-05-22T05:40:20;withdrawal EXE;2023-05-22T00:51:56;Andorra
10;90708;Texas;2023-05-21T17:09:45;deposit Account;2023-05-21T23:09:39;Turkish
