id;period;interest;type;created_date;created_by;last_modified_date;last_modified_by
1;deposit administration redefine;14993;Unbranded AGP;2023-05-21T19:50:21;Landing Generic;2023-05-21T22:07:44;responsive
2;Visionary Vermont definition;51184;Cambridgeshire Zealand;2023-05-22T07:29:07;Enterprise-wide Swiss;2023-05-22T00:46:25;executive Object-based web-enabled
3;Account Baby;54646;Chips withdrawal quantifying;2023-05-22T02:36:23;AGP;2023-05-22T06:29:10;Outdoors
4;Intelligent Chair;24658;Sterling task-force Shoes;2023-05-22T00:16:05;deposit Turkmenistan streamline;2023-05-21T16:18:07;Centers
5;Virtual Auto;85956;Syrian out-of-the-box Hat;2023-05-22T00:44:18;EXE;2023-05-21T15:02:55;generation Account Developer
6;Bedfordshire Tactics Via;77937;Boliviano vortals target;2023-05-22T02:12:56;Grocery Supervisor Corner;2023-05-22T05:59:27;Orchestrator teal Lead
7;Checking;83083;FTP Consultant;2023-05-21T17:22:27;Kroon;2023-05-21T12:24:08;Dakota generating
8;up;2771;Automotive;2023-05-21T21:05:12;scale Optimized Bedfordshire;2023-05-21T22:45:38;Consultant Buckinghamshire Generic
9;Optional Licensed invoice;29158;Salad Kids;2023-05-21T23:10:45;virtual;2023-05-21T22:42:09;withdrawal Handmade
10;Senior Health bypassing;68008;alliance Jewelery monitor;2023-05-22T07:41:18;ADP Industrial;2023-05-22T05:04:20;generating Tools Texas
